pyr96	sample1	sample2	sample3	sample4	sample5	sample6
A[C>A]A	125	27	19	17	10	7144
A[C>A]C	69	24	20	15	6	8736
A[C>A]G	15	7	6	5	5	1962
A[C>A]T	82	10	9	6	4	4552
A[C>G]A	104	19	0	0	0	6214
A[C>G]C	27	11	0	0	0	3834
A[C>G]G	20	10	0	0	0	1627
A[C>G]T	75	25	0	0	0	6572
A[C>T]A	572	100	61	46	30	24420
A[C>T]C	97	44	37	23	12	14703
A[C>T]G	177	133	121	90	68	45974
A[C>T]T	144	42	38	31	22	16483
A[T>A]A	145	37	27	21	4	4259
A[T>A]C	63	13	13	10	8	4802
A[T>A]G	92	22	21	14	9	5153
A[T>A]T	163	32	28	24	15	4280
A[T>C]A	316	128	127	78	39	30410
A[T>C]C	59	23	23	19	14	9132
A[T>C]G	105	46	46	31	16	27018
A[T>C]T	105	48	48	36	29	26682
A[T>G]A	124	37	36	21	10	3219
A[T>G]C	23	3	3	3	2	1824
A[T>G]G	52	13	13	9	7	4745
A[T>G]T	67	13	13	10	10	3776
C[C>A]A	92	35	33	18	8	4789
C[C>A]C	132	79	68	27	8	4742
C[C>A]G	28	20	18	11	7	1642
C[C>A]T	84	15	14	9	9	3860
C[C>G]A	51	17	0	0	0	4319
C[C>G]C	95	62	0	0	0	5024
C[C>G]G	30	21	0	0	0	1725
C[C>G]T	53	20	0	0	0	6316
C[C>T]A	158	74	60	35	18	15307
C[C>T]C	175	114	107	58	24	12884
C[C>T]G	185	156	146	88	41	39660
C[C>T]T	139	77	70	51	36	17602
C[T>A]A	68	6	6	6	3	1708
C[T>A]C	98	15	8	3	3	2333
C[T>A]G	82	9	8	7	5	2563
C[T>A]T	108	17	13	12	8	2358
C[T>C]A	51	22	22	15	12	8395
C[T>C]C	42	13	13	11	9	6540
C[T>C]G	70	32	32	15	11	13346
C[T>C]T	78	30	30	16	9	9677
C[T>G]A	20	6	6	4	3	1821
C[T>G]C	29	5	5	4	1	2656
C[T>G]G	42	6	6	4	3	3990
C[T>G]T	46	7	7	7	5	3711
G[C>A]A	82	21	17	12	8	5560
G[C>A]C	42	16	16	6	5	5914
G[C>A]G	23	11	10	6	3	2379
G[C>A]T	65	17	15	9	9	3592
G[C>G]A	29	5	0	0	0	3142
G[C>G]C	35	8	0	0	0	3664
G[C>G]G	12	4	1	0	0	965
G[C>G]T	36	13	0	0	0	4199
G[C>T]A	138	38	28	18	14	12478
G[C>T]C	113	67	63	38	22	12070
G[C>T]G	200	113	88	60	32	32492
G[C>T]T	93	44	36	27	16	13189
G[T>A]A	63	6	5	4	3	1533
G[T>A]C	46	8	6	6	5	2083
G[T>A]G	88	16	11	8	4	2250
G[T>A]T	82	6	5	3	3	2161
G[T>C]A	61	21	21	16	16	9125
G[T>C]C	29	10	10	7	4	4955
G[T>C]G	80	19	18	9	4	9469
G[T>C]T	56	26	26	21	18	9957
G[T>G]A	19	4	4	2	1	1474
G[T>G]C	10	2	2	1	1	1375
G[T>G]G	46	9	9	4	3	3079
G[T>G]T	33	9	9	7	3	2401
T[C>A]A	90	27	20	17	12	5094
T[C>A]C	92	22	21	16	9	4897
T[C>A]G	10	4	2	1	1	1329
T[C>A]T	204	54	43	40	32	6762
T[C>G]A	54	15	0	0	0	5764
T[C>G]C	46	14	0	0	0	5064
T[C>G]G	13	7	0	0	0	1413
T[C>G]T	138	35	1	0	0	10762
T[C>T]A	152	53	43	37	31	14714
T[C>T]C	106	41	35	18	9	13618
T[C>T]G	75	66	62	45	31	27226
T[C>T]T	138	62	55	41	33	14829
T[T>A]A	155	34	27	24	13	5036
T[T>A]C	90	14	12	11	10	2299
T[T>A]G	88	4	3	2	1	1956
T[T>A]T	321	57	38	25	16	4425
T[T>C]A	90	28	28	25	19	10830
T[T>C]C	63	21	21	15	10	7076
T[T>C]G	58	24	24	19	13	8875
T[T>C]T	144	52	51	37	20	13853
T[T>G]A	55	12	12	11	9	3561
T[T>G]C	45	8	8	6	4	2972
T[T>G]G	41	8	8	6	4	4393
T[T>G]T	131	43	42	36	26	7604
